relative_path,size_bytes,last_modified,md5,likely_build_artifact
.env,41,2026-09-25 12:32:54,6319b3cd9770e855772e2ba7a454522a,
.env.example,422,2026-09-19 19:46:31,64c5940ff00f9771948c633a87d60b9c,
.gitignore,319,2026-09-23 12:20:50,47d0c80bfacb361d83576f866adccc59,
.streamlit\config.toml,35,2026-09-21 01:29:05,3e25ba9cc6f6c39bb13c18967ac79961,
AI draw io.jpeg,66670,2026-09-22 18:28:49,0204fe380f657bda06c7c9db0eff1be4,
README.md,12208,2026-09-24 19:43:34,f2808ce5bb2db783cfb3042ca572f52a,
STAGE4_CHANGELOG.md,2000,2026-09-22 18:28:50,92426df222908cb5d89a8195827953c8,
STAGE5_CHANGELOG.md,1373,2026-09-22 18:28:44,1e9d6e7a8c6e35e1fa856bee74585686,
STAGE5_VALIDATION_RESULTS.md,1618,2026-09-22 18:28:44,5f6fc7e558f9016d5254b2f667a697c6,
UGBS_Welfare_Submission.zip,426215,2026-09-25 12:30:11,80fd23d2887ed49ac5935095b6b992de,
accommodation.md,5803,2026-09-22 18:28:49,6e28689d86a5876ea75f10e58ad424f4,
action_planner.py,4444,2026-09-22 18:28:49,6df3f0bae56986b80676a0378b67b1a6,
analytics_db.py,9813,2026-09-25 22:59:27,4efaf8b7ba46c120f56f74b99ae0abff,
app.py,3054,2026-09-24 23:34:38,1d6dadf75202749a45be12a9b14eac2d,
assets\avatar_assistant.png,4509,2026-09-19 19:46:32,ecce6405800ab0caa1401f103946302b,
assets\avatar_assistant.svg,292,2026-09-19 19:46:32,ad40bb59146cf35dba7032c65a4c84fb,
assets\avatar_user.png,4508,2026-09-19 19:46:32,c9fd8fa8fa276c28dbf0af1883fb2185,
assets\avatar_user.svg,248,2026-09-19 19:46:32,c1c566a9c9b4ecf6096e9da39c8e6676,
assets\ugbs_logo.png,103960,2026-09-22 18:28:49,593cc8219633218583023ef60971f7cd,
bhjcr_constitution.md,6681,2026-09-22 18:28:49,1809563fe6b83a087a5b7b80905b43e8,
build_vectorstore.py,5826,2026-09-23 11:30:40,71bbdf863839225713cff981df2c5bbe,
careers_and_counselling_faq.md,6280,2026-09-22 18:28:49,c976e1b8ab5c495d4ff54832ca92e5d0,
check_retrieval_scores.py,1673,2026-09-22 18:28:49,fe77bd8066c01d269a929b9e694b455f,
check_setup.py,10956,2026-09-22 18:28:49,a187b07d23b790f33ac52dd98371d6f7,
classifier_model.py,1736,2026-09-22 18:28:49,5385346de10bc37f5c8cad66569f5928,
config.py,3579,2026-09-24 21:05:03,edf3b29bb802bd796b3bd54b1b339080,
data\welfare_training_examples.csv,9113,2026-09-22 18:28:49,f222230eed704047c0f390f1bffe3798,
eval_classifier.py,12076,2026-09-22 18:28:49,390eafd4a8c00716cf9fa2ad10ad7612,
eval_testset.csv,5698,2026-09-22 18:28:49,e77142afc2a872e486dcf2f685fb5868,
eval_testset_crisis_v2.csv,1061,2026-09-22 18:28:49,09bf7ec1075e559d1bd1103751536f4b,
eval_testset_crisis_v3.csv,923,2026-09-22 18:28:49,384d498608e24602d27f7e23f147cc7a,
inventory.py,6952,2026-09-23 15:31:57,462d46b6bff5dc9f47cbb779fd8f53ac,
llm_engine.py,19898,2026-09-25 12:13:52,b914046d7980164ea0182a70625be37c,
logo.py,1109,2026-09-22 18:28:49,01625f49844338bdc7b3c0b9ccb02e54,
models\README.txt,518,2026-09-19 19:46:32,44ccd70c4b71142ca0ad557451f4ab67,
models\cv_predictions.csv,12426,2026-09-24 22:59:21,43d1eda192574b3ca3f4c833558736e4,
models\welfare_classifier.pt,206041,2026-09-24 22:59:22,d3b8de2e95c85fb9864f0797978492eb,
models\welfare_classifier_labels.json,312,2026-09-24 22:59:22,389c516428c431b178342b6d04e2b36f,
neural_classifier.py,5958,2026-09-25 12:13:52,fe990e64301b8ca2494532d7f6107ad5,
program_guidance.py,26139,2026-09-22 18:28:49,d48578b8c186a30ef22ebfdf73aa7c60,
report_support_material.md,11740,2026-09-22 18:28:49,c096d3771a58339bba6a9f02e11dd563,
requirements.txt,273,2026-09-25 10:54:10,50fe083e2af91e8eb69e90f14cf5593d,
risk_classifier.py,26522,2026-09-25 22:33:38,7340b141b30cedc3ac3cc28f863f1f70,
scan_project.py,3748,2026-09-26 00:12:38,1b0149baff18c2511c3bdbc8ac24a6cd,
sentiment_analysis.py,3150,2026-09-25 10:57:03,41c20de20e4e3478722edd66a2a2f427,
sexual_harassment_support.md,4123,2026-09-22 18:28:49,cfc681c01e562f091349811e4e35dce0,
sfao_financial_aid.md,13316,2026-09-22 18:28:49,01e37d09aa2feb2372846a9eaba63aa8,
stage4_agent_tests.py,1675,2026-09-22 18:28:50,6a6a46d502b3b78ca590fe8a7ce74680,
stage5_analytics.py,3015,2026-09-22 18:28:44,4e7d05af554e0b285d7e1b3ff95858ee,
stage5_evaluation.py,2196,2026-09-22 18:28:44,001b50114760e4cd84496dd4b30e684a,
sts_academic_records_and_regulations_faqs.md,8900,2026-09-24 21:16:11,04f67bdc383748886220e2cbcd0195be,
sts_graduation_and_certificates_faqs.md,4544,2026-09-24 21:14:34,723dc5654da00a2ab51f4c75464db8f9,
sts_portal_and_payments_faqs.md,2846,2026-09-24 21:18:00,34d4f8cc0011108d74b3894cc6d9ed11,
topic_modeling.py,6544,2026-09-25 22:54:36,e4b138f7d9af5d3f584dc6c94c8d473b,
train_classifier.py,10067,2026-09-23 15:33:12,c5975f95b7958b4e7240af4b9732294c,
ug_academic_affairs_qna.md,23850,2026-09-22 18:28:50,f8f80ddeca235af89a30c19745d041aa,
ug_discipline_governance.md,4074,2026-09-22 18:28:50,8ccadff1efcad63c4a8c009dc27db122,
ug_src_electoral_ci24.md,3475,2026-09-22 18:28:50,20281237f694fd15ef0ad9f306c40e12,
ug_statutes_governance.md,4754,2026-09-22 18:28:50,b0fbdcf76b0e830a76e28ae2ddb6cf4e,
ugbs_academic_policies.md,4744,2026-09-23 11:20:51,da65dfb444b90037514295cbb3947bd2,
ugbs_logo.png,103960,2026-09-22 18:28:50,593cc8219633218583023ef60971f7cd,
ugbs_offices_and_contacts.md,21400,2026-09-23 10:28:22,9f18bdabea2f2ccb10e24346230df0de,
ugbs_programmes_and_options.md,9685,2026-09-23 02:50:47,3c8e5bb5418ca08196a13d86993e6505,
ugccd counselling policy.md,7300,2026-09-22 18:28:50,7dc8438c137c5bd3aeaa1adcfed6a187,
ui_theme.py,6567,2026-09-22 18:28:50,d4cdc4bc9873d61e0957fc437170949b,
views\admin_interface.py,8183,2026-09-25 22:59:08,02fcc8906db8b917d4409b2d481e11c8,
views\live_admin_interface.py,11308,2026-09-23 15:32:28,8c8fa46216d89164e9085b2bbaf9c553,
views\settings.py,5747,2026-09-22 18:28:49,134a3b086a59cd97b909bdcf4604cbd1,
views\user_interface.py,32454,2026-09-25 23:00:05,f5be9da64172f6a9aa18ab363fdd5010,
welfare_analytics.sqlite3,20480,2026-09-25 23:52:53,77566c9ee505e12bdc786a8dee6cbe4f,
zip 2.zip,1794896,2026-09-26 00:01:42,42eacf9b533b0647b4cf840c01be2f89,
zip1.zip,294738,2026-09-26 00:00:27,c136cbc418e95ca26819156f5adec3f1,
zip3.zip,551023280,2026-09-26 00:05:49,7450fdfa2861e6449b2d89c6362c6be1,
